"PANTHER PREMIUM LOGISTICS, INC. - Master Revenue Details",

"Truck No","Deadhead Miles","EM Amount","EM Miles","EM Moves","FSC Revenue","Loaded Miles","Loads","Period","Revenue","Total Revenue",
"14334","5731","1156.3000","10400","19","7253.2600","43214","103","","37136.8800","44390.1400",
"13314","5152","845.1500","9676","22","7723.7000","45411","96","","36070.3900","43794.0900",
"14005","4339","447.1800","5584","14","6552.0200","39242","75","","31343.2900","37895.3100",
"14288","3255","1169.7200","8761","20","6097.1900","34428","64","","28659.4000","34756.5900",
"14314","3623","571.1200","6172","21","5628.2900","33095","60","","28637.0100","34265.3000",
"13416","3918","711.7100","6231","17","4955.0700","32222","73","","25280.0900","30235.1600",
"14271","4775","504.4100","6473","19","4776.4300","28641","79","","25123.1000","29899.5300",
"33351","1515","0.0000","168","1","1795.5000","8550","14","","13370.9500","15166.4500",
"13904","1193","176.8800","1675","4","1019.7500","6157","23","","5209.3000","6229.0500",


"Revenue Report for Truck: 14334",
"Pro No","Fiscal Date","Total $","Miles","Accessorial $","Canada $","Detention","Dead Head $","Layover $","Hand Load & Unload $","Tolls $","Bonus $","Stop Off $","Empty Move $","Other $","Linehaul $","FSC $",
"20180149643","1/2/2018","141","190","2","0","0","2","0","0","0","0","0","0","0","138","28",
"20180150341","1/3/2018","96","84","16","0","0","8","0","0","0","8","0","0","0","80","12",
"20180153360","1/8/2018","416","554","11","0","0","11","0","0","0","0","0","0","0","404","83",
"20180153768","1/9/2018","105","109","25","0","0","4","0","0","0","21","0","0","0","80","16",
"20180154688","1/10/2018","132","64","52","0","0","2","0","0","0","0","0","0","50","80","9",
"20180155047","1/10/2018","354","434","37","0","0","12","0","25","0","0","0","0","0","316","65",
"20180155476","1/11/2018","401","543","5","0","0","5","0","0","0","0","0","0","0","396","81",
"20180156770","1/12/2018","470","220","309","0","0","9","0","0","31","0","0","0","269","160","33",
"20180157203","1/16/2018","279","364","13","0","0","13","0","0","0","0","0","0","0","265","58",
"20180157526","1/15/2018","487","646","16","0","0","7","0","0","8","0","0","0","0","471","96",
"20180158789","1/17/2018","281","272","82","0","0","7","75","0","0","0","0","0","0","198","43",
"20180159313","1/18/2018","609","793","31","0","0","1","0","0","29","0","0","0","0","578","126",
"20180160238","1/19/2018","793","1011","55","0","41","9","0","0","4","0","0","0","0","738","161",
"20180164558","1/26/2018","122","130","28","0","0","3","0","0","0","25","0","0","0","94","20",
"20180165710","1/29/2018","245","326","7","0","0","7","0","0","0","0","0","0","0","237","52",
"20180166256","1/30/2018","393","515","17","0","0","13","0","0","0","0","0","3","0","375","82",
"20180167376","1/31/2018","698","954","1","0","0","1","0","0","0","0","0","0","0","696","152",
"20180270482","2/6/2018","928","1114","115","0","0","5","0","0","0","0","0","110","0","813","178",
"20180272088","2/9/2018","771","1038","13","0","0","13","0","0","0","0","0","0","0","757","166",
"20180275114","2/14/2018","1088","1384","77","0","3","6","0","0","0","0","0","67","0","1010","221",
"20180277485","2/19/2018","598","817","1","0","0","1","0","0","0","0","0","0","0","596","130",
"20180280553","2/26/2018","76","0","26","0","0","26","0","0","0","0","0","0","0","50","0",
"20180281331","2/23/2018","892","939","206","0","0","5","150","0","0","0","0","51","0","685","150",
"20180282231","2/27/2018","161","97","81","0","0","6","0","0","0","0","0","0","75","80","14",
"20180283514","2/28/2018","859","1002","128","0","0","36","75","0","5","0","0","10","0","731","150",
"20180301425","3/27/2018","226","236","54","0","0","10","0","0","8","35","0","0","0","172","35",
"20180302032","3/28/2018","195","249","13","0","0","3","0","0","9","0","0","0","0","181","37",
"20180302502","3/29/2018","279","377","4","0","0","3","0","0","0","0","0","0","0","275","56",
"20180387412","3/12/2018","349","462","11","0","0","11","0","0","0","0","0","0","0","337","69",
"20180389206","3/9/2018","195","60","115","0","60","5","0","0","0","0","0","0","50","80","9",
"20180389370","3/9/2018","229","302","8","0","0","8","0","0","0","0","0","0","0","220","45",
"20180390963","3/14/2018","293","400","1","0","0","1","0","0","0","0","0","0","0","292","60",
"20180392740","3/15/2018","226","0","146","0","0","8","0","50","0","0","0","88","0","80","0",
"20180394385","3/16/2018","345","399","54","0","3","0","0","0","0","50","0","0","0","291","59",
"20180394707","3/19/2018","149","170","25","0","0","0","0","0","0","25","0","0","0","124","25",
"20180396885","3/22/2018","141","178","11","0","0","11","0","0","0","0","0","0","0","129","26",
"20180397550","3/23/2018","136","186","0","0","0","0","0","0","0","0","0","0","0","135","27",
"20180399157","3/26/2018","158","205","8","0","0","5","0","0","3","0","0","0","0","149","30",
"20180399853","3/27/2018","133","145","27","0","0","7","0","0","0","0","0","0","20","105","21",
"20180404228","4/2/2018","267","162","149","0","0","4","0","0","2","0","0","43","100","118","24",
"20180404620","4/3/2018","584","781","14","0","0","12","0","0","2","0","0","0","0","570","124",
"20180406831","4/6/2018","504","641","36","0","0","8","0","0","0","0","0","28","0","467","102",
"20180407668","4/9/2018","321","328","82","0","0","10","0","0","0","0","0","71","0","239","52",
"20180407889","4/9/2018","666","903","7","0","0","7","0","0","0","0","0","0","0","659","144",
"20180417948","4/25/2018","338","452","8","0","0","8","0","0","0","0","0","0","0","329","72",
"20180418409","4/26/2018","183","243","6","0","0","1","0","0","4","0","0","0","0","177","38",
"20180420096","4/27/2018","623","838","11","0","0","11","0","0","0","0","0","0","0","611","134",
"20180521191","5/1/2018","184","241","8","0","0","8","0","0","0","0","0","0","0","175","40",
"20180523023","5/4/2018","165","105","85","0","0","10","75","0","0","0","0","0","0","80","17",
"20180524310","5/4/2018","333","231","164","0","0","14","150","0","0","0","0","0","0","168","39",
"20180524666","5/7/2018","93","85","13","0","0","3","0","0","0","10","0","0","0","80","14",
"20180524702","5/14/2018","278","273","79","0","0","4","75","0","0","0","0","0","0","199","46",
"20180525116","5/7/2018","178","170","54","0","0","4","0","0","0","50","0","0","0","124","28",
"20180525800","5/8/2018","567","766","8","0","0","3","0","0","5","0","0","0","0","559","130",
"20180527702","5/11/2018","404","547","4","0","0","4","0","0","0","0","0","0","0","399","92",
"20180528599","5/16/2018","296","380","19","0","0","14","0","0","5","0","0","0","0","277","68",
"20180529528","5/15/2018","149","151","38","0","0","4","0","0","0","0","0","34","0","110","27",
"20180531677","5/17/2018","245","190","106","0","75","2","0","0","2","0","0","26","0","138","34",
"20180532688","5/18/2018","50","0","0","0","0","0","0","0","0","0","0","0","0","50","0",
"20180533910","5/22/2018","510","606","68","0","0","3","0","0","0","0","0","64","0","442","109",
"20180534649","5/23/2018","231","308","6","0","0","6","0","0","0","0","0","0","0","224","55",
"20180537204","5/29/2018","258","125","167","0","0","7","0","0","0","0","0","109","50","91","22",
"20180537964","5/30/2018","393","523","11","0","0","11","0","0","0","0","0","0","0","381","94",
"20180642908","6/6/2018","428","577","7","0","0","7","0","0","0","0","0","0","0","421","103",
"20180644537","6/8/2018","574","770","12","0","0","4","0","0","8","0","0","0","0","562","138",
"20180649256","6/15/2018","284","224","120","0","0","2","0","0","0","0","0","118","0","163","40",
"20180650400","6/18/2018","533","696","25","0","0","12","0","0","13","0","0","0","0","508","125",
"20180652042","6/20/2018","598","805","11","0","0","10","0","0","0","0","0","0","0","587","144",
"20180655932","6/26/2018","192","256","5","0","0","5","0","0","0","0","0","0","0","186","46",
"20180657363","6/28/2018","308","303","87","0","0","12","75","0","0","0","0","0","0","221","54",
"20180658081","6/29/2018","135","185","0","0","0","0","0","0","0","0","0","0","0","135","33",
"20180755388","7/10/2018","343","358","81","0","0","12","0","0","3","0","0","65","0","261","64",
"20180759301","7/2/2018","88","96","8","0","0","2","0","0","5","0","0","0","0","80","17",
"20180759769","7/3/2018","179","237","6","0","0","0","0","0","5","0","0","0","0","173","42",
"20180760728","7/5/2018","208","26","128","0","0","3","75","0","0","0","0","0","50","80","4",
"20180760877","7/6/2018","289","388","5","0","0","5","0","0","0","0","0","0","0","283","69",
"20180763764","7/12/2018","228","202","80","0","0","5","0","0","0","0","0","0","75","147","36",
"20180765661","7/16/2018","212","248","31","0","0","31","0","0","0","0","0","0","0","181","44",
"20180766364","7/17/2018","151","136","52","0","0","2","0","0","0","50","0","0","0","99","24",
"20180767213","7/18/2018","150","167","28","0","0","13","0","0","0","15","0","0","0","121","30",
"20180771578","7/25/2018","266","351","10","0","0","10","0","0","0","0","0","0","0","256","63",
"20180771850","7/26/2018","513","685","13","0","0","13","0","0","0","0","0","0","0","500","123",
"20180772067","7/28/2018","547","638","82","0","3","3","75","0","0","0","0","0","0","465","114",
"20180774697","7/31/2018","486","520","106","0","0","14","0","0","42","50","0","0","0","379","93",
"20180878111","8/3/2018","944","927","268","0","0","19","150","0","0","0","0","99","0","676","166",
"20180878793","8/6/2018","149","203","1","0","0","1","0","0","0","0","0","0","0","148","36",
"20180882472","8/16/2018","346","454","14","0","0","14","0","0","0","0","0","0","0","331","81",
"20180885751","8/16/2018","648","843","33","0","0","7","0","0","25","0","0","0","0","615","151",
"20180886698","8/18/2018","737","852","115","0","0","9","75","0","30","0","0","0","0","621","153",
"20180887694","8/20/2018","186","239","12","0","0","6","0","0","5","0","0","0","0","174","43",
"20180888309","8/21/2018","221","285","13","0","0","13","0","0","0","0","0","0","0","208","51",
"20180889333","8/22/2018","637","844","21","0","0","21","0","0","0","0","0","0","0","616","151",
"20180890224","8/24/2018","438","382","160","0","0","10","150","0","0","0","0","0","0","278","68",
"20180892030","8/27/2018","271","248","90","0","0","15","75","0","0","0","0","0","0","181","44",
"20180893118","8/28/2018","111","148","3","0","0","3","0","0","0","0","0","0","0","108","26",
"20180901134","9/8/2018","395","323","160","0","7","2","150","0","0","0","0","0","0","235","58",
"20180902513","9/11/2018","311","406","15","0","0","11","0","0","3","0","0","0","0","296","73",
"20180903335","9/12/2018","297","407","0","0","0","0","0","0","0","0","0","0","0","297","73",
"20180908084","9/19/2018","96","130","1","0","0","1","0","0","0","0","0","0","0","94","23",
"20180908787","9/20/2018","617","833","9","0","0","9","0","0","0","0","0","0","0","608","149",
"20180996692","9/4/2018","641","663","157","0","0","7","75","0","5","0","0","69","0","483","119",
"20180997763","9/5/2018","653","614","205","0","0","5","0","0","0","18","0","0","181","448","110",
"20180998745","9/7/2018","410","527","26","0","0","20","0","0","5","0","0","0","0","384","94",


"Revenue Report for Truck: 13314",
"Pro No","Fiscal Date","Total $","Miles","Accessorial $","Canada $","Detention","Dead Head $","Layover $","Hand Load & Unload $","Tolls $","Bonus $","Stop Off $","Empty Move $","Other $","Linehaul $","FSC $",
"20180161778","1/22/2018","245","283","38","0","0","13","0","25","0","0","0","0","0","206","45",
"20180162247","1/23/2018","1496","2000","36","0","22","5","0","0","8","0","0","0","0","1460","320",
"20180163863","1/26/2018","1616","2069","106","0","0","24","0","0","0","0","0","0","82","1510","331",
"20180268604","2/2/2018","1791","2377","56","0","0","9","0","0","0","0","0","46","0","1735","380",
"20180273053","2/10/2018","910","764","352","0","0","26","0","0","2","75","0","248","0","557","122",
"20180273872","2/12/2018","716","971","46","0","0","11","0","0","8","0","0","26","0","669","155",
"20180275679","2/15/2018","84","113","1","0","0","1","0","0","0","0","0","0","0","82","18",
"20180277082","2/19/2018","282","383","2","0","0","2","0","0","0","0","0","0","0","279","61",
"20180278454","2/20/2018","85","60","5","0","0","5","0","0","0","0","0","0","0","80","9",
"20180278745","2/21/2018","365","364","99","0","93","5","0","0","0","0","0","0","0","265","58",
"20180279533","2/22/2018","105","135","7","0","0","7","0","0","0","0","0","0","0","98","21",
"20180280105","2/22/2018","187","110","107","0","0","7","0","0","0","5","0","0","95","80","17",
"20180280196","2/24/2018","804","1083","14","0","0","12","0","0","1","0","0","0","0","790","173",
"20180280349","2/26/2018","331","386","50","0","0","0","0","0","0","50","0","0","0","281","61",
"20180282711","2/27/2018","891","1211","7","0","3","4","0","0","0","0","0","0","0","884","181",
"20180385590","3/2/2018","229","237","56","0","0","6","0","0","0","50","0","0","0","173","35",
"20180386165","3/5/2018","221","302","0","0","0","0","0","0","0","0","0","0","0","220","45",
"20180387878","3/7/2018","80","79","0","0","0","0","0","0","0","0","0","0","0","80","11",
"20180388117","3/8/2018","331","437","12","0","0","12","0","0","0","0","0","0","0","319","65",
"20180394853","3/21/2018","94","76","14","0","0","0","0","0","0","0","0","14","0","80","11",
"20180394854","3/21/2018","111","76","31","0","0","6","0","0","0","0","0","0","25","80","11",
"20180396787","3/22/2018","302","389","18","0","0","3","0","0","15","0","0","0","0","283","58",
"20180397672","3/23/2018","261","348","7","0","0","3","0","0","4","0","0","0","0","254","52",
"20180398569","3/24/2018","297","218","138","0","0","13","75","0","0","0","25","0","25","159","32",
"20180399616","3/26/2018","301","399","10","0","0","10","0","0","0","0","0","0","0","291","59",
"20180418196","4/25/2018","422","537","30","0","0","8","0","0","22","0","0","0","0","392","85",
"20180418903","4/26/2018","657","817","61","0","0","12","0","0","48","0","0","0","0","596","130",
"20180420108","4/28/2018","330","312","102","0","0","21","75","0","6","0","0","0","0","227","49",
"20180420205","4/27/2018","204","260","14","0","0","10","0","0","4","0","0","0","0","189","41",
"20180420706","4/30/2018","126","139","25","0","0","4","0","0","0","0","0","21","0","101","22",
"20180521057","5/1/2018","215","279","11","0","7","4","0","0","0","0","0","0","0","203","47",
"20180521664","5/1/2018","82","0","2","0","0","2","0","0","0","0","0","0","0","80","0",
"20180523420","5/3/2018","553","728","22","0","0","10","0","0","11","0","0","0","0","531","123",
"20180524569","5/7/2018","279","324","43","0","0","1","0","0","0","0","0","41","0","236","55",
"20180525276","5/8/2018","149","196","6","0","0","6","0","0","0","0","0","0","0","143","33",
"20180526686","5/10/2018","388","455","56","0","0","6","0","0","0","50","0","0","0","332","77",
"20180527453","5/11/2018","95","338","45","0","0","15","0","0","0","0","0","30","0","50","0",
"20180528044","5/11/2018","250","334","7","0","0","7","0","0","0","0","0","0","0","243","56",
"20180528350","5/14/2018","94","0","44","0","0","14","0","0","0","30","0","0","0","50","0",
"20180529056","5/14/2018","476","636","11","0","0","7","0","0","4","0","0","0","0","464","108",
"20180529869","5/15/2018","81","107","1","0","0","1","0","0","0","0","0","0","0","80","19",
"20180530288","5/16/2018","447","590","16","0","0","16","0","0","0","0","0","0","0","430","106",
"20180530972","5/17/2018","168","193","27","0","0","2","0","0","0","0","25","0","0","140","34",
"20180531579","5/18/2018","59","0","9","0","0","9","0","0","0","0","0","0","0","50","0",
"20180531786","5/21/2018","343","454","12","0","0","12","0","0","0","0","0","0","0","331","81",
"20180533853","5/22/2018","440","604","0","0","0","0","0","0","0","0","0","0","0","440","108",
"20180644349","6/8/2018","408","550","6","0","0","6","0","0","0","0","0","0","0","401","99",
"20180645138","6/10/2018","395","534","5","0","0","1","0","0","4","0","0","0","0","389","96",
"20180645848","6/11/2018","597","789","21","0","0","13","0","0","8","0","0","0","0","575","142",
"20180646535","6/13/2018","122","158","7","0","0","7","0","0","0","0","0","0","0","115","28",
"20180648140","6/14/2018","1219","1638","24","0","0","24","0","0","0","0","0","0","0","1195","294",
"20180650184","6/18/2018","780","1064","3","0","0","3","0","0","0","0","0","0","0","776","191",
"20180655829","6/27/2018","142","190","3","0","0","3","0","0","0","0","0","0","0","138","34",
"20180657463","6/28/2018","463","587","34","0","0","5","0","0","0","0","0","29","0","428","105",
"20180658857","6/29/2018","392","535","1","0","0","1","0","0","0","0","0","0","0","390","96",
"20180759214","7/2/2018","165","217","7","0","0","5","0","0","1","0","0","0","0","158","39",
"20180759782","7/3/2018","253","336","8","0","0","8","0","0","0","0","0","0","0","245","60",
"20180761014","7/6/2018","353","441","31","0","0","4","0","0","4","0","0","22","0","321","79",
"20180762908","7/10/2018","210","288","0","0","0","0","0","0","0","0","0","0","0","210","51",
"20180764223","7/12/2018","473","633","11","0","0","11","0","0","0","0","0","0","0","462","113",
"20180764924","7/16/2018","248","339","1","0","0","1","0","0","0","0","0","0","0","247","61",
"20180765428","7/14/2018","467","548","67","0","0","8","0","0","0","0","0","59","0","400","98",
"20180766095","7/16/2018","99","128","5","0","0","5","0","0","0","0","0","0","0","93","23",
"20180766103","7/17/2018","623","850","2","0","0","2","0","0","0","0","0","0","0","620","153",
"20180768341","7/19/2018","212","278","10","0","0","10","0","0","0","0","0","0","0","202","50",
"20180769038","7/23/2018","53","0","3","0","0","3","0","0","0","0","0","0","0","50","0",
"20180771358","7/25/2018","227","270","30","0","0","6","0","0","0","0","0","23","0","197","48",
"20180771623","7/26/2018","356","478","7","0","0","7","0","0","0","0","0","0","0","348","86",
"20180772498","7/26/2018","84","100","4","0","0","4","0","0","0","0","0","0","0","80","18",
"20180772961","7/27/2018","140","188","2","0","0","2","0","0","0","0","0","0","0","137","33",
"20180773984","7/28/2018","330","310","104","0","0","4","75","0","0","0","25","0","0","226","55",
"20180774564","7/30/2018","346","410","46","0","0","2","0","0","0","0","0","44","0","299","73",
"20180775407","7/31/2018","350","422","42","0","0","3","0","0","0","0","0","39","0","308","75",
"20180875530","8/1/2018","216","285","8","0","0","8","0","0","0","0","0","0","0","208","51",
"20180875720","8/3/2018","326","421","19","0","3","15","0","0","0","0","0","0","0","307","75",
"20180878367","8/6/2018","436","582","12","0","0","12","0","0","0","0","0","0","0","424","104",
"20180879966","8/10/2018","114","74","34","0","0","9","0","0","0","0","25","0","0","80","13",
"20180880004","8/8/2018","282","338","35","0","0","0","0","0","0","0","0","35","0","246","60",
"20180881332","8/10/2018","630","850","10","0","0","5","0","0","4","0","0","0","0","620","153",
"20180883750","8/14/2018","237","314","8","0","0","8","0","0","0","0","0","0","0","229","56",
"20180884712","8/15/2018","655","884","10","0","0","10","0","0","0","0","0","0","0","645","159",
"20180885723","8/16/2018","572","756","20","0","0","20","0","0","0","0","0","0","0","551","136",
"20180886333","8/18/2018","234","303","13","0","7","6","0","0","0","0","0","0","0","221","54",
"20180887933","8/21/2018","429","571","12","0","0","8","0","0","4","0","0","0","0","416","102",
"20180888340","8/21/2018","349","422","41","0","0","34","0","0","0","0","0","6","0","308","75",
"20180889322","8/22/2018","385","502","19","0","0","8","0","0","0","0","0","11","0","366","90",
"20180890118","8/23/2018","543","741","2","0","0","2","0","0","0","0","0","0","0","540","133",
"20180894682","8/30/2018","66","0","16","0","0","16","0","0","0","0","0","0","0","50","0",
"20180895578","8/31/2018","936","1278","3","0","0","3","0","0","0","0","0","0","0","932","230",
"20180902866","9/12/2018","344","463","6","0","0","6","0","0","0","0","0","0","0","337","83",
"20180904872","9/14/2018","140","0","90","0","0","5","0","0","0","0","0","85","0","50","0",
"20180908321","9/19/2018","504","663","21","0","0","18","0","0","2","0","0","0","0","483","119",
"20180909208","9/20/2018","191","254","6","0","0","3","0","0","2","0","0","0","0","185","45",
"20180996797","9/4/2018","318","434","1","0","0","1","0","0","0","0","0","0","0","316","78",
"20180997018","9/4/2018","257","335","12","0","0","12","0","0","0","0","0","0","0","244","60",
"20180998619","9/6/2018","357","487","1","0","0","1","0","0","0","0","0","0","0","355","87",


"Revenue Report for Truck: 14005",
"Pro No","Fiscal Date","Total $","Miles","Accessorial $","Canada $","Detention","Dead Head $","Layover $","Hand Load & Unload $","Tolls $","Bonus $","Stop Off $","Empty Move $","Other $","Linehaul $","FSC $",
"20180151931","1/8/2018","442","584","16","0","0","13","0","0","2","0","0","0","0","426","87",
"20180154774","1/10/2018","568","744","25","0","0","20","0","0","4","0","0","0","0","543","111",
"20180156185","1/12/2018","1340","1778","42","0","0","17","0","0","0","25","0","0","0","1297","266",
"20180159699","1/18/2018","888","1190","20","0","0","20","0","0","0","0","0","0","0","868","190",
"20180161213","1/22/2018","102","141","0","0","0","0","0","0","0","0","0","0","0","102","22",
"20180161581","1/22/2018","581","782","10","0","0","7","0","0","3","0","0","0","0","570","125",
"20180162434","1/24/2018","498","523","116","0","0","16","0","0","0","100","0","0","0","381","83",
"20180163608","1/25/2018","567","725","37","0","30","7","0","0","0","0","0","0","0","529","116",
"20180268025","2/1/2018","557","543","161","0","0","4","0","0","0","0","0","156","0","396","86",
"20180268254","2/2/2018","246","302","26","0","0","26","0","0","0","0","0","0","0","220","48",
"20180269243","2/3/2018","550","636","86","0","0","11","75","0","0","0","0","0","0","464","101",
"20180270805","2/7/2018","578","744","35","0","0","13","0","0","0","0","0","21","0","543","119",
"20180279744","2/22/2018","439","581","15","0","0","15","0","0","0","0","0","0","0","424","92",
"20180281156","2/23/2018","333","437","14","0","0","14","0","0","0","0","0","0","0","319","69",
"20180282104","2/26/2018","344","472","0","0","0","0","0","0","0","0","0","0","0","344","75",
"20180385934","3/3/2018","237","245","58","0","0","36","0","0","0","0","0","22","0","178","36",
"20180386024","3/4/2018","459","619","7","0","0","7","0","0","0","0","0","0","0","451","92",
"20180386380","3/5/2018","1125","1542","0","0","0","0","0","0","0","0","0","0","0","1125","231",
"20180388303","3/8/2018","336","459","1","0","0","1","0","0","0","0","0","0","0","335","68",
"20180390063","3/9/2018","670","909","7","0","0","5","0","0","2","0","0","0","0","663","136",
"20180390741","3/12/2018","220","291","8","0","0","6","0","0","2","0","0","0","0","212","43",
"20180406451","4/6/2018","180","223","17","0","0","17","0","0","0","0","0","0","0","162","35",
"20180408167","4/9/2018","415","515","39","0","0","18","0","0","20","0","0","0","0","375","82",
"20180409285","4/11/2018","473","638","7","0","0","7","0","0","0","0","0","0","0","465","102",
"20180411289","4/13/2018","478","546","80","0","0","5","75","0","0","0","0","0","0","398","87",
"20180411955","4/16/2018","286","393","0","0","0","0","0","0","0","0","0","0","0","286","62",
"20180413773","4/18/2018","385","516","8","0","0","3","0","0","5","0","0","0","0","376","82",
"20180414622","4/22/2018","492","590","61","0","0","11","0","0","0","0","50","0","0","430","94",
"20180415496","4/20/2018","303","266","109","0","0","9","0","0","0","0","0","0","100","194","42",
"20180418254","4/25/2018","711","884","66","0","0","2","0","0","24","0","0","39","0","645","141",
"20180418983","4/27/2018","703","884","58","0","0","8","0","0","0","50","0","0","0","645","141",
"20180419999","4/29/2018","534","722","7","0","0","7","0","0","0","0","0","0","0","527","115",
"20180522368","5/2/2018","172","229","5","0","0","5","0","0","0","0","0","0","0","167","38",
"20180523148","5/3/2018","690","907","28","0","0","20","0","0","0","0","0","7","0","662","154",
"20180524324","5/6/2018","247","326","9","0","0","9","0","0","0","0","0","0","0","237","55",
"20180525891","5/8/2018","511","700","0","0","0","0","0","0","0","0","0","0","0","511","119",
"20180527210","5/11/2018","747","973","37","0","0","9","0","0","0","0","0","27","0","710","165",
"20180530451","5/16/2018","554","708","37","0","0","10","0","0","13","0","0","14","0","516","127",
"20180643561","6/7/2018","858","1141","25","0","0","17","0","0","8","0","0","0","0","832","205",
"20180645071","6/9/2018","471","615","22","0","0","16","0","0","5","0","0","0","0","448","110",
"20180646442","6/12/2018","1282","1732","17","0","0","17","0","0","0","0","0","0","0","1264","311",
"20180649020","6/15/2018","791","812","198","0","0","23","150","0","0","25","0","0","0","592","146",
"20180650955","6/19/2018","198","214","42","0","0","3","0","0","0","0","0","39","0","156","38",
"20180653025","6/21/2018","389","529","3","0","0","3","0","0","0","0","0","0","0","386","95",
"20180653967","6/22/2018","510","693","5","0","0","4","0","0","1","0","0","0","0","505","124",
"20180655168","6/25/2018","158","182","25","0","0","0","0","0","0","0","0","0","25","132","32",
"20180657091","6/27/2018","394","519","15","0","0","3","0","0","0","0","0","12","0","378","93",
"20180658463","6/30/2018","111","0","31","0","0","1","0","0","0","0","0","0","30","80","0",
"20180658479","6/30/2018","112","0","32","0","0","2","0","0","0","0","0","0","30","80","0",
"20180658558","6/29/2018","124","112","42","0","0","2","0","0","0","0","0","0","40","81","20",
"20180758075","7/2/2018","112","68","32","0","0","2","0","0","0","30","0","0","0","80","12",
"20180759186","7/2/2018","361","484","8","0","0","4","0","0","3","0","0","0","0","353","87",
"20180759584","7/3/2018","291","392","5","0","0","5","0","0","0","0","0","0","0","286","70",
"20180762023","7/9/2018","54","0","4","0","0","0","0","0","0","0","0","0","4","50","0",
"20180762356","7/10/2018","145","160","28","0","22","6","0","0","0","0","0","0","0","116","28",
"20180763124","7/11/2018","84","114","1","0","0","1","0","0","0","0","0","0","0","83","20",
"20180764419","7/13/2018","175","234","4","0","0","4","0","0","0","0","0","0","0","170","42",
"20180765518","7/15/2018","378","506","9","0","0","9","0","0","0","0","0","0","0","369","91",
"20180885814","8/16/2018","164","219","4","0","0","4","0","0","0","0","0","0","0","159","39",
"20180886900","8/17/2018","218","193","77","0","0","2","75","0","0","0","0","0","0","140","34",
"20180887290","8/20/2018","201","262","10","0","0","10","0","0","0","0","0","0","0","191","47",
"20180887603","8/21/2018","171","219","11","0","0","11","0","0","0","0","0","0","0","159","39",
"20180888790","8/22/2018","390","484","37","0","3","3","0","0","0","0","25","0","5","353","87",
"20180889378","8/22/2018","222","301","2","0","0","2","0","0","0","0","0","0","0","219","54",
"20180889429","8/23/2018","146","189","8","0","0","3","0","0","4","0","0","0","0","137","34",
"20180890098","8/23/2018","154","197","10","0","0","4","0","0","6","0","0","0","0","143","35",
"20180890572","8/24/2018","114","121","25","0","0","0","0","0","0","25","0","0","0","88","21",
"20180891379","8/24/2018","340","311","113","0","0","12","0","0","0","101","0","0","0","227","55",
"20180892182","8/27/2018","650","829","45","0","0","18","0","0","19","0","0","7","0","605","149",
"20180893692","8/29/2018","277","322","42","0","0","5","0","0","0","0","0","37","0","235","57",
"20180895006","8/30/2018","176","212","21","0","7","14","0","0","0","0","0","0","0","154","38",
"20180901859","9/10/2018","728","962","26","0","0","16","0","0","9","0","0","0","0","702","173",
"20180996556","9/4/2018","307","278","104","0","0","15","0","0","0","50","0","39","0","202","50",
"20180998694","9/6/2018","457","607","14","0","0","14","0","0","0","0","0","0","0","443","109",
"20180999582","9/7/2018","629","762","73","0","0","9","0","0","41","0","0","22","0","556","137",


"Revenue Report for Truck: 14288",
"Pro No","Fiscal Date","Total $","Miles","Accessorial $","Canada $","Detention","Dead Head $","Layover $","Hand Load & Unload $","Tolls $","Bonus $","Stop Off $","Empty Move $","Other $","Linehaul $","FSC $",
"20180417185","4/24/2018","246","195","104","0","0","5","0","0","2","0","0","95","0","142","31",
"20180417567","4/25/2018","1100","1465","31","0","0","22","0","0","9","0","0","0","0","1069","234",
"20180420285","4/28/2018","753","993","28","0","0","23","0","0","5","0","0","0","0","724","158",
"20180521805","5/1/2018","401","414","99","0","0","24","0","0","0","0","0","0","75","302","70",
"20180522728","5/3/2018","274","262","82","0","0","1","0","0","0","0","0","81","0","191","44",
"20180522950","5/3/2018","267","212","112","0","0","0","75","0","2","35","0","0","0","154","36",
"20180523653","5/4/2018","1376","1671","156","0","0","6","0","0","0","0","0","150","0","1219","284",
"20180525089","5/7/2018","1188","1625","2","0","0","1","0","0","0","0","0","0","0","1186","276",
"20180526967","5/10/2018","131","1","51","0","0","11","0","0","0","40","0","0","0","80","0",
"20180527781","5/11/2018","176","236","3","0","0","3","0","0","0","0","0","0","0","172","40",
"20180528330","5/14/2018","297","258","108","0","0","8","75","0","0","25","0","0","0","188","43",
"20180529530","5/15/2018","295","352","38","0","0","13","0","0","0","25","0","0","0","256","63",
"20180531026","5/17/2018","391","454","60","0","0","13","0","0","0","0","0","47","0","331","81",
"20180532020","5/20/2018","293","392","7","0","0","7","0","0","0","0","0","0","0","286","70",
"20180532168","5/18/2018","362","392","76","0","0","0","0","0","0","75","0","0","0","286","70",
"20180533145","5/21/2018","303","414","0","0","0","0","0","0","0","0","0","0","0","302","74",
"20180535370","5/24/2018","215","236","42","0","0","4","0","0","0","0","0","38","0","172","42",
"20180536663","5/25/2018","531","718","7","0","0","7","0","0","0","0","0","0","0","524","129",
"20180537520","5/29/2018","553","726","23","0","0","10","0","0","12","0","0","0","0","529","130",
"20180538154","5/30/2018","770","1022","24","0","0","18","0","0","5","0","0","0","0","746","183",
"20180638373","6/1/2018","53","0","3","0","0","3","0","0","0","0","0","0","0","50","0",
"20180640662","6/3/2018","531","718","7","0","0","7","0","0","0","0","0","0","0","524","129",
"20180641925","6/5/2018","473","640","6","0","0","6","0","0","0","0","0","0","0","467","115",
"20180643490","6/7/2018","562","737","24","0","0","1","0","0","0","0","0","22","0","538","132",
"20180644789","6/9/2018","593","536","202","0","0","26","150","0","25","0","0","0","0","391","96",
"20180644926","6/8/2018","146","191","7","0","0","5","0","0","2","0","0","0","0","139","34",
"20180645633","6/12/2018","415","390","130","0","0","12","0","0","17","100","0","0","0","284","70",
"20180647754","6/13/2018","252","209","100","0","0","2","0","0","0","0","0","97","0","152","37",
"20180648411","6/14/2018","366","484","13","0","0","9","0","0","3","0","0","0","0","353","87",
"20180648586","6/15/2018","894","1012","155","0","0","5","150","0","0","0","0","0","0","738","182",
"20180650111","6/18/2018","341","466","1","0","0","1","0","0","0","0","0","0","0","340","83",
"20180759912","7/3/2018","592","713","72","0","0","15","0","0","0","0","0","56","0","520","128",
"20180760267","7/5/2018","435","562","25","0","7","17","0","0","0","0","0","0","0","410","101",
"20180760633","7/6/2018","332","337","86","0","0","11","75","0","0","0","0","0","0","246","60",
"20180766234","7/16/2018","680","799","97","0","0","1","0","0","0","0","0","95","0","583","143",
"20180767825","7/18/2018","217","291","4","0","0","4","0","0","0","0","0","0","0","212","52",
"20180768160","7/19/2018","432","586","4","0","0","4","0","0","0","0","0","0","0","427","105",
"20180770691","7/24/2018","543","738","4","0","0","3","0","0","0","0","0","0","0","538","132",
"20180772258","7/26/2018","257","343","7","0","0","7","0","0","0","0","0","0","0","250","61",
"20180772315","7/26/2018","229","301","9","0","0","9","0","0","0","0","0","0","0","219","54",
"20180773325","7/27/2018","618","735","81","0","0","6","75","0","0","0","0","0","0","536","132",
"20180775348","7/31/2018","301","260","111","0","0","3","0","0","0","0","0","108","0","189","46",
"20180875867","8/1/2018","414","567","0","0","0","0","0","0","0","0","0","0","0","413","102",
"20180877127","8/2/2018","355","485","1","0","0","1","0","0","0","0","0","0","0","354","87",
"20180877724","8/3/2018","593","736","56","0","0","17","0","0","0","0","0","38","0","537","132",
"20180878073","8/5/2018","323","435","6","0","0","6","0","0","0","0","0","0","0","317","78",
"20180879447","8/8/2018","497","629","38","0","0","5","0","0","0","0","0","32","0","459","113",
"20180883399","8/14/2018","396","361","132","0","0","2","0","0","2","0","0","78","50","263","64",
"20180884760","8/16/2018","321","4","241","0","135","1","75","0","0","30","0","0","0","80","0",
"20180886027","8/17/2018","753","804","166","0","0","16","150","0","0","0","0","0","0","586","144",
"20180888402","8/21/2018","458","610","13","0","0","13","0","0","0","0","0","0","0","445","109",
"20180888901","8/22/2018","471","565","59","0","0","9","0","0","0","50","0","0","0","412","101",
"20180890268","8/23/2018","444","488","87","0","0","1","0","0","0","0","0","86","0","356","87",
"20180895147","8/30/2018","1218","1669","0","0","0","0","0","0","0","0","0","0","0","1218","300",
"20180901800","9/10/2018","533","711","14","0","0","1","0","0","3","0","0","9","0","519","127",
"20180902449","9/11/2018","346","471","2","0","0","2","0","0","0","0","0","0","0","343","84",
"20180904171","9/13/2018","474","442","151","0","0","8","75","0","0","0","0","68","0","322","79",
"20180905344","9/16/2018","252","301","32","0","0","7","0","0","0","0","25","0","0","219","54",
"20180906491","9/17/2018","191","262","0","0","0","0","0","0","0","0","0","0","0","191","47",
"20180907452","9/18/2018","217","287","8","0","0","8","0","0","0","0","0","0","0","209","51",
"20180908010","9/19/2018","219","293","5","0","0","5","0","0","0","0","0","0","0","213","52",
"20180995794","9/1/2018","122","160","5","0","0","5","0","0","0","0","0","0","0","116","28",
"20180997021","9/4/2018","418","532","30","0","0","3","0","0","0","0","0","26","0","388","95",
"20180998434","9/6/2018","429","530","42","0","0","3","0","0","2","0","0","37","0","386","95",


"Revenue Report for Truck: 14314",
"Pro No","Fiscal Date","Total $","Miles","Accessorial $","Canada $","Detention","Dead Head $","Layover $","Hand Load & Unload $","Tolls $","Bonus $","Stop Off $","Empty Move $","Other $","Linehaul $","FSC $",
"20180151107","1/4/2018","317","273","110","0","0","10","0","0","0","100","0","0","0","207","40",
"20180151123","1/5/2018","991","1283","16","0","0","16","0","0","0","0","0","0","0","975","192",
"20180154274","1/9/2018","982","1257","26","0","0","26","0","0","0","0","0","0","0","955","188",
"20180155776","1/11/2018","321","437","2","0","0","2","0","0","0","0","0","0","0","319","65",
"20180157461","1/15/2018","931","1254","15","0","0","15","0","0","0","0","0","0","0","915","188",
"20180158879","1/17/2018","1780","2341","1","0","0","1","0","0","0","0","0","0","0","1779","374",
"20180163889","1/25/2018","422","562","11","0","0","11","0","0","0","0","0","0","0","410","89",
"20180166322","1/30/2018","451","608","7","0","0","7","0","0","0","0","0","0","0","443","97",
"20180167347","1/31/2018","468","638","2","0","0","2","0","0","0","0","0","0","0","465","102",
"20180268549","2/2/2018","712","952","17","0","0","17","0","0","0","0","0","0","0","694","152",
"20180270231","2/6/2018","612","823","11","0","0","11","0","0","0","0","0","0","0","600","131",
"20180414992","4/20/2018","154","206","4","0","0","4","0","0","0","0","0","0","0","150","32",
"20180415996","4/23/2018","227","306","4","0","0","3","0","0","0","0","0","0","0","223","48",
"20180417961","4/25/2018","198","214","41","0","0","19","0","0","0","0","0","22","0","156","34",
"20180418616","4/26/2018","265","314","36","0","0","11","0","25","0","0","0","0","0","229","50",
"20180419754","4/27/2018","238","321","4","0","0","4","0","0","0","0","0","0","0","234","51",
"20180420168","4/29/2018","431","590","1","0","0","1","0","0","0","0","0","0","0","430","94",
"20180522279","5/2/2018","74","0","24","0","0","8","0","0","0","0","0","16","0","50","0",
"20180523242","5/3/2018","388","526","4","0","0","1","0","0","0","0","0","3","0","383","89",
"20180524054","5/4/2018","998","1361","4","0","0","4","0","0","0","0","0","0","0","993","231",
"20180525168","5/8/2018","628","817","31","0","30","1","0","0","0","0","0","0","0","596","138",
"20180527851","5/11/2018","731","887","84","0","0","9","75","0","0","0","0","0","0","647","150",
"20180528801","5/14/2018","81","28","1","0","0","1","0","0","0","0","0","0","0","80","4",
"20180530737","5/16/2018","159","158","44","0","0","6","0","0","0","0","0","37","0","115","28",
"20180532185","5/18/2018","404","523","22","0","0","22","0","0","0","0","0","0","0","381","94",
"20180532896","5/25/2018","286","380","9","0","0","4","0","0","5","0","0","0","0","277","68",
"20180532974","5/21/2018","422","339","174","0","0","1","75","0","0","0","0","98","0","247","61",
"20180534185","5/22/2018","419","569","3","0","0","3","0","0","0","0","0","0","0","415","102",
"20180535435","5/24/2018","304","348","50","0","0","2","0","0","0","0","0","47","0","254","62",
"20180537924","5/30/2018","225","299","7","0","0","7","0","0","0","0","0","0","0","218","53",
"20180647024","6/12/2018","427","581","3","0","0","3","0","0","0","0","0","0","0","424","104",
"20180648271","6/14/2018","54","0","4","0","0","4","0","0","0","0","0","0","0","50","0",
"20180648665","6/14/2018","86","0","6","0","0","6","0","0","0","0","0","0","0","80","0",
"20180656507","6/27/2018","1177","1546","2","0","0","1","0","0","0","0","0","0","0","1174","278",
"20180658336","7/2/2018","336","0","286","0","135","1","150","0","0","0","0","0","0","50","0",
"20180759712","7/3/2018","742","753","170","0","93","1","75","0","0","0","0","0","0","572","135",
"20180760652","7/5/2018","593","744","27","0","0","7","0","0","0","0","0","20","0","565","133",
"20180761322","7/6/2018","414","266","212","0","0","12","0","0","0","0","0","0","200","202","47",
"20180772689","7/26/2018","186","181","54","0","0","4","0","0","0","50","0","0","0","132","32",
"20180773716","7/29/2018","556","435","225","90","0","22","75","0","3","0","0","35","0","330","78",
"20180875582","8/1/2018","317","373","34","0","0","0","0","0","0","0","0","34","0","283","67",
"20180876127","8/2/2018","447","589","0","0","0","0","0","0","0","0","0","0","0","447","106",
"20180878192","8/4/2018","351","435","20","0","0","12","0","0","0","0","0","8","0","330","78",
"20180878918","8/6/2018","657","786","59","0","0","9","0","0","0","50","0","0","0","597","141",
"20180879401","8/7/2018","517","576","79","0","0","4","0","0","0","0","0","0","75","437","103",
"20180880204","8/8/2018","694","707","157","0","0","46","0","0","0","100","0","11","0","537","127",
"20180881102","8/9/2018","763","722","214","90","7","7","0","0","5","105","0","0","0","548","129",
"20180881678","8/11/2018","357","336","101","0","0","26","75","0","0","0","0","0","0","255","60",
"20180883124","8/14/2018","687","650","193","0","0","12","0","0","31","150","0","0","0","494","117",
"20180884480","8/16/2018","377","147","265","0","0","4","0","0","3","0","0","0","257","111","26",
"20180885374","8/16/2018","521","413","207","90","0","67","0","0","0","50","0","0","0","313","74",
"20180887175","8/20/2018","634","739","72","0","0","7","0","0","0","0","0","65","0","561","133",
"20180889319","8/23/2018","280","268","76","0","0","1","75","0","0","0","0","0","0","203","48",
"20180890175","8/23/2018","382","489","10","0","0","10","0","0","0","0","0","0","0","371","88",
"20180891594","8/26/2018","340","171","210","0","0","10","75","0","0","0","0","0","125","129","30",
"20180892436","8/27/2018","343","442","7","0","0","7","0","0","0","0","0","0","0","335","79",
"20180892822","8/28/2018","554","659","53","0","0","3","0","0","0","50","0","0","0","500","118",
"20180996078","9/4/2018","289","288","70","0","0","27","0","0","0","0","0","43","0","218","51",
"20180997099","9/4/2018","201","260","3","0","0","3","0","0","0","0","0","0","0","197","46",
"20180997756","9/6/2018","708","925","5","0","0","5","0","0","0","0","0","0","0","703","166",


"Revenue Report for Truck: 13416",
"Pro No","Fiscal Date","Total $","Miles","Accessorial $","Canada $","Detention","Dead Head $","Layover $","Hand Load & Unload $","Tolls $","Bonus $","Stop Off $","Empty Move $","Other $","Linehaul $","FSC $",
"20180149772","1/2/2018","361","492","2","0","0","2","0","0","0","0","0","0","0","359","73",
"20180151537","1/4/2018","113","77","33","0","0","8","0","0","0","0","0","0","25","80","11",
"20180151905","1/5/2018","563","749","16","0","7","9","0","0","0","0","0","0","0","546","112",
"20180153535","1/8/2018","180","243","2","0","0","2","0","0","0","0","0","0","0","177","36",
"20180155185","1/11/2018","160","115","80","0","0","5","75","0","0","0","0","0","0","80","17",
"20180156652","1/15/2018","924","1231","26","0","0","25","0","0","0","0","0","0","0","898","184",
"20180156801","1/12/2018","224","292","11","0","0","7","0","0","4","0","0","0","0","213","43",
"20180160331","1/19/2018","784","921","112","0","0","0","75","0","2","0","0","35","0","672","147",
"20180161709","1/22/2018","405","431","91","0","0","15","0","0","0","75","0","0","0","314","68",
"20180162208","1/23/2018","426","553","22","0","0","22","0","0","0","0","0","0","0","403","88",
"20180166035","1/30/2018","235","290","23","0","0","23","0","0","0","0","0","0","0","211","46",
"20180268031","2/1/2018","239","182","106","0","0","1","0","0","0","0","0","105","0","132","29",
"20180269063","2/4/2018","371","437","52","0","11","16","0","0","0","25","0","0","0","319","69",
"20180302037","3/28/2018","373","448","46","0","0","3","0","0","0","0","0","43","0","327","67",
"20180303281","3/30/2018","55","1258","5","0","0","5","0","0","0","0","0","0","0","50","20",
"20180392349","3/14/2018","331","331","89","0","86","3","0","0","0","0","0","0","0","241","49",
"20180393003","3/15/2018","304","413","2","0","0","2","0","0","0","0","0","0","0","301","61",
"20180394498","3/17/2018","373","399","82","0","0","7","75","0","0","0","0","0","0","291","59",
"20180394789","3/19/2018","300","406","4","0","0","4","0","0","0","0","0","0","0","296","60",
"20180395389","3/20/2018","350","466","10","0","0","10","0","0","0","0","0","0","0","340","69",
"20180396568","3/21/2018","338","451","9","0","0","9","0","0","0","0","0","0","0","329","67",
"20180397356","3/22/2018","287","276","86","0","0","11","0","0","0","75","0","0","0","201","41",
"20180398000","3/23/2018","373","405","78","0","0","3","75","0","0","0","0","0","0","295","60",
"20180402804","4/2/2018","304","303","83","0","0","8","75","0","0","0","0","0","0","221","45",
"20180404465","4/3/2018","1213","1656","4","0","0","4","0","0","0","0","0","0","0","1208","264",
"20180406183","4/5/2018","817","1118","1","0","0","1","0","0","0","0","0","0","0","816","178",
"20180407144","4/7/2018","295","283","89","0","0","14","75","0","0","0","0","0","0","206","45",
"20180408307","4/9/2018","242","311","15","0","0","15","0","0","0","0","0","0","0","227","49",
"20180408975","4/10/2018","362","487","7","0","0","7","0","0","0","0","0","0","0","355","77",
"20180415205","4/20/2018","589","684","90","0","0","10","0","0","0","0","25","55","0","499","109",
"20180415884","4/21/2018","690","832","83","0","0","8","75","0","0","0","0","0","0","607","133",
"20180418274","4/25/2018","507","546","108","90","0","6","0","0","11","0","0","0","0","398","87",
"20180530747","5/17/2018","417","563","6","0","0","6","0","0","0","0","0","0","0","410","101",
"20180531514","5/18/2018","468","600","30","0","0","30","0","0","0","0","0","0","0","438","108",
"20180533089","5/21/2018","151","207","0","0","0","0","0","0","0","0","0","0","0","151","37",
"20180533431","5/22/2018","89","73","9","0","0","9","0","0","0","0","0","0","0","80","13",
"20180533701","5/23/2018","80","0","0","0","0","0","0","0","0","0","0","0","0","80","0",
"20180534839","5/23/2018","307","421","0","0","0","0","0","0","0","0","0","0","0","307","75",
"20180535110","5/24/2018","82","111","1","0","0","1","0","0","0","0","0","0","0","81","19",
"20180535714","5/24/2018","575","692","70","0","0","11","0","0","0","58","0","0","0","505","124",
"20180538246","5/30/2018","129","658","79","0","0","5","0","0","0","0","0","74","0","50","0",
"20180538888","5/31/2018","154","203","6","0","0","6","0","0","0","0","0","0","0","148","36",
"20180641550","6/5/2018","260","337","14","0","0","14","0","0","0","0","0","0","0","246","60",
"20180643831","6/7/2018","364","496","2","0","0","2","0","0","0","0","0","0","0","362","89",
"20180645537","6/11/2018","421","491","63","0","0","13","0","0","0","50","0","0","0","358","88",
"20180648931","6/15/2018","345","438","26","0","0","0","0","0","0","0","0","26","0","319","78",
"20180649690","6/15/2018","82","13","2","0","0","2","0","0","0","0","0","0","0","80","2",
"20180774333","7/30/2018","87","113","1","0","0","0","0","0","1","0","0","0","0","85","20",
"20180774356","7/31/2018","210","248","22","0","0","22","0","0","0","0","0","0","0","188","44",
"20180861559","8/12/2018","676","757","100","0","0","25","0","0","0","0","0","0","75","575","136",
"20180875336","8/1/2018","51","290","1","0","0","1","0","0","0","0","0","0","0","50","0",
"20180875779","8/1/2018","233","300","5","0","0","5","0","0","0","0","0","0","0","228","54",
"20180876973","8/2/2018","132","171","3","0","0","3","0","0","0","0","0","0","0","129","30",
"20180877335","8/5/2018","214","130","115","0","37","2","75","0","0","0","0","0","0","98","23",
"20180879046","8/7/2018","122","150","8","0","0","4","0","0","4","0","0","0","0","114","27",
"20180879421","8/7/2018","85","71","5","0","0","2","0","0","2","0","0","0","0","80","12",
"20180879703","8/8/2018","276","353","8","0","0","8","0","0","0","0","0","0","0","268","63",
"20180880671","8/9/2018","268","339","11","0","0","11","0","0","0","0","0","0","0","257","61",
"20180881460","8/10/2018","89","0","9","0","0","9","0","0","0","0","0","0","0","80","0",
"20180882782","8/13/2018","189","241","6","0","0","2","0","0","3","0","0","0","0","183","43",
"20180885488","8/22/2018","356","454","11","0","0","11","0","0","0","0","0","0","0","345","81",
"20180887135","8/19/2018","527","549","110","0","0","15","75","0","0","0","0","19","0","417","98",
"20180887235","8/20/2018","367","462","16","0","0","12","0","0","4","0","0","0","0","351","83",
"20180889674","8/23/2018","124","161","2","0","0","2","0","0","0","0","0","0","0","122","28",
"20180890030","8/24/2018","338","421","18","0","0","18","0","0","0","0","0","0","0","319","75",
"20180890208","8/23/2018","368","478","4","0","0","1","0","0","3","0","0","0","0","363","86",
"20180891907","8/27/2018","260","323","15","0","0","3","0","0","0","0","0","11","0","245","58",
"20180904263","9/13/2018","1657","2097","64","0","0","0","0","0","10","0","0","53","0","1593","377",
"20180907077","9/18/2018","717","943","0","0","0","0","0","0","0","0","0","0","0","716","169",
"20180993861","9/1/2018","64","0","14","0","0","14","0","0","0","0","0","0","0","50","0",
"20180996355","9/1/2018","272","336","16","0","0","16","0","0","0","0","0","0","0","255","60",
"20180996553","9/4/2018","422","446","83","0","0","0","0","0","0","0","0","0","83","338","0",
"20180997884","9/7/2018","125","0","75","0","0","0","75","0","0","0","0","0","0","50","0",


"Revenue Report for Truck: 14271",
"Pro No","Fiscal Date","Total $","Miles","Accessorial $","Canada $","Detention","Dead Head $","Layover $","Hand Load & Unload $","Tolls $","Bonus $","Stop Off $","Empty Move $","Other $","Linehaul $","FSC $",
"20180149366","1/2/2018","424","493","64","0","0","2","0","0","1","0","0","60","0","359","73",
"20180150636","1/3/2018","222","260","33","0","0","9","0","0","0","0","0","23","0","189","39",
"20180151074","1/4/2018","292","368","24","0","0","15","0","0","0","0","0","8","0","268","55",
"20180152595","1/6/2018","374","467","34","0","0","8","0","0","0","0","0","25","0","340","70",
"20180153701","1/9/2018","252","328","13","0","0","13","0","0","0","0","0","0","0","239","49",
"20180162433","1/23/2018","428","444","104","0","0","3","0","0","0","0","0","25","75","324","71",
"20180163105","1/25/2018","406","437","87","0","11","17","0","0","0","50","0","8","0","319","69",
"20180164257","1/26/2018","169","116","84","0","0","9","0","0","0","75","0","0","0","84","18",
"20180164528","1/29/2018","268","364","2","0","0","2","0","0","0","0","0","0","0","265","58",
"20180164567","1/26/2018","106","70","26","0","0","1","0","0","0","25","0","0","0","80","11",
"20180165008","1/26/2018","408","341","159","0","0","9","150","0","0","0","0","0","0","248","54",
"20180167043","1/31/2018","202","209","49","0","0","6","0","0","0","25","0","18","0","152","33",
"20180267379","2/1/2018","130","168","7","0","0","7","0","0","0","0","0","0","0","122","26",
"20180269408","2/5/2018","116","118","30","0","0","5","0","0","0","0","0","0","25","86","18",
"20180270207","2/6/2018","399","463","61","0","0","13","0","0","3","45","0","0","0","337","74",
"20180272331","2/9/2018","649","733","114","0","0","9","0","0","4","100","0","0","0","535","117",
"20180272998","2/11/2018","226","228","60","0","0","3","0","0","0","30","0","26","0","166","36",
"20180273669","2/12/2018","83","50","3","0","0","3","0","0","0","0","0","0","0","80","8",
"20180273843","2/13/2018","162","223","0","0","0","0","0","0","0","0","0","0","0","162","35",
"20180274853","2/15/2018","341","452","11","0","0","11","0","0","0","0","0","0","0","329","72",
"20180274908","2/14/2018","413","515","37","0","0","12","0","0","0","25","0","0","0","375","82",
"20180276685","2/16/2018","503","434","186","0","0","17","150","0","18","0","0","0","0","316","69",
"20180303370","3/30/2018","123","132","27","0","0","1","0","0","6","0","0","0","20","96","19",
"20180401524","4/3/2018","277","358","16","0","0","12","0","0","3","0","0","0","0","261","57",
"20180402718","4/2/2018","180","222","18","0","7","11","0","0","0","0","0","0","0","162","33",
"20180407054","4/6/2018","74","492","24","0","0","24","0","0","0","0","0","0","0","50","0",
"20180407529","4/6/2018","73","0","23","0","0","0","0","0","0","0","0","23","0","50","0",
"20180410637","4/12/2018","231","315","1","0","0","1","0","0","0","0","0","0","0","229","50",
"20180410725","4/13/2018","181","241","5","0","0","5","0","0","0","0","0","0","0","175","38",
"20180412097","4/16/2018","51","0","1","0","0","1","0","0","0","0","0","0","0","50","0",
"20180412578","4/17/2018","345","463","7","0","0","7","0","0","0","0","0","0","0","337","74",
"20180413513","4/18/2018","256","338","10","0","0","9","0","0","0","0","0","0","0","246","54",
"20180414246","4/19/2018","112","31","32","0","3","3","0","0","0","0","25","0","0","80","4",
"20180414921","4/20/2018","375","325","138","0","135","3","0","0","0","0","0","0","0","237","52",
"20180415646","4/23/2018","80","23","0","0","0","0","0","0","0","0","0","0","0","80","3",
"20180417036","4/24/2018","363","455","31","0","0","12","0","0","0","0","0","18","0","332","72",
"20180418278","4/25/2018","151","204","2","0","0","2","0","0","0","0","0","0","0","148","32",
"20180419521","4/28/2018","442","515","66","0","45","21","0","0","0","0","0","0","0","375","82",
"20180521595","5/1/2018","195","196","52","0","0","0","0","0","2","0","0","50","0","143","33",
"20180522019","5/2/2018","651","854","28","0","0","6","0","0","21","0","0","0","0","623","145",
"20180524192","5/4/2018","697","949","5","0","0","5","0","0","0","0","0","0","0","692","161",
"20180524747","5/7/2018","606","819","8","0","0","4","0","0","3","0","0","0","0","597","139",
"20180526534","5/9/2018","192","232","23","0","0","6","0","0","16","0","0","0","0","169","39",
"20180527097","5/10/2018","202","255","16","0","0","9","0","0","7","0","0","0","0","186","43",
"20180528344","5/11/2018","1213","1658","2","0","0","2","0","0","0","0","0","0","0","1210","281",
"20180529750","5/15/2018","818","1118","1","0","0","1","0","0","0","0","0","0","0","816","201",
"20180647185","6/13/2018","187","230","19","0","0","9","0","0","10","0","0","0","0","167","41",
"20180648616","6/14/2018","187","251","4","0","0","4","0","0","0","0","0","0","0","183","45",
"20180649190","6/16/2018","598","403","303","0","0","22","75","0","6","100","0","0","100","294","72",
"20180649356","6/15/2018","103","93","23","0","0","0","0","0","0","0","0","22","0","80","16",
"20180650879","6/19/2018","102","29","22","0","0","5","0","0","0","16","0","0","0","80","5",
"20180651273","6/19/2018","62","0","12","0","0","12","0","0","0","0","0","0","0","50","0",
"20180651642","6/20/2018","82","66","2","0","0","2","0","0","0","0","0","0","0","80","11",
"20180651918","6/20/2018","567","766","8","0","0","8","0","0","0","0","0","0","0","559","137",
"20180654308","6/22/2018","208","182","75","0","0","10","0","0","0","0","0","65","0","132","32",
"20180654539","6/23/2018","141","135","43","0","0","8","0","0","0","35","0","0","0","98","24",
"20180655275","6/25/2018","202","266","8","0","0","3","0","0","4","0","0","0","0","194","47",
"20180655385","6/26/2018","623","623","169","0","0","114","0","0","4","0","0","0","50","454","112",
"20180657035","6/28/2018","387","425","76","0","0","1","75","0","0","0","0","0","0","310","76",
"20180657919","6/29/2018","244","121","156","0","0","5","75","0","0","0","0","0","75","88","21",
"20180758932","7/2/2018","386","512","13","0","0","10","0","0","2","0","0","0","0","373","92",
"20180759423","7/3/2018","707","683","208","0","0","7","150","0","0","26","25","0","0","498","122",
"20180760250","7/5/2018","257","351","0","0","0","0","0","0","0","0","0","0","0","256","63",
"20180761396","7/6/2018","518","513","144","0","0","9","0","0","1","0","0","33","100","374","92",
"20180761504","7/8/2018","468","442","145","0","22","20","75","0","27","0","0","0","0","322","79",
"20180763256","7/11/2018","496","254","310","90","0","3","0","0","19","100","0","97","0","185","45",
"20180764272","7/12/2018","84","75","4","0","0","4","0","0","0","0","0","0","0","80","13",
"20180764819","7/13/2018","50","0","0","0","0","0","0","0","0","0","0","0","0","50","0",
"20180764989","7/13/2018","181","196","38","0","0","11","0","0","0","26","0","0","0","143","35",
"20180765523","7/15/2018","204","191","65","0","0","13","0","0","2","0","0","0","50","139","34",
"20180765918","7/16/2018","1720","2341","12","0","0","4","0","0","8","0","0","0","0","1708","421",
"20180768459","7/19/2018","493","536","101","0","0","1","0","0","0","0","0","0","100","391","96",
"20180904298","9/13/2018","169","224","5","0","0","3","0","0","2","0","0","0","0","163","40",
"20180905023","9/14/2018","89","95","9","0","0","3","0","0","5","0","0","0","0","80","17",
"20180905635","9/17/2018","303","293","89","0","3","5","0","0","3","75","0","0","2","213","52",
"20180907179","9/18/2018","136","184","1","0","0","1","0","0","0","0","0","0","0","134","33",
"20180908511","9/19/2018","95","124","4","0","0","4","0","0","0","0","0","0","0","90","22",
"20180908611","9/20/2018","240","303","19","0","0","19","0","0","0","0","0","0","0","221","54",
"20180998546","9/10/2018","334","258","145","0","0","12","75","0","0","0","0","55","2","188","46",


"Revenue Report for Truck: 33351",
"Pro No","Fiscal Date","Total $","Miles","Accessorial $","Canada $","Detention","Dead Head $","Layover $","Hand Load & Unload $","Tolls $","Bonus $","Stop Off $","Empty Move $","Other $","Linehaul $","FSC $",
"20180891003","8/24/2018","284","174","9","0","0","9","0","0","0","0","0","0","0","275","36",
"20180891086","8/27/2018","1201","465","596","130","0","110","0","0","7","349","0","0","0","604","97",
"20180891247","8/25/2018","813","531","122","0","0","122","0","0","0","0","0","0","0","690","111",
"20180891742","8/29/2018","1758","1353","0","0","0","0","0","0","0","0","0","0","0","1758","284",
"20180892235","8/28/2018","99","0","0","0","0","0","0","0","0","0","0","0","0","99","0",
"20180892766","8/30/2018","1040","799","2","0","0","0","0","0","2","0","0","0","0","1038","167",
"20180892828","8/28/2018","643","437","75","37","0","31","0","0","7","0","0","0","0","568","91",
"20180902241","9/11/2018","1129","855","18","0","0","15","0","0","2","0","0","0","0","1111","179",
"20180902656","9/12/2018","760","585","0","0","0","0","0","0","0","0","0","0","0","760","122",
"20180903900","9/13/2018","504","383","6","0","0","6","0","0","0","0","0","0","0","497","80",
"20180904131","9/14/2018","361","185","86","0","0","11","0","0","0","75","0","0","0","275","38",
"20180991841","9/4/2018","774","488","140","0","10","55","75","0","0","0","0","0","0","634","102",
"20180995185","9/10/2018","2392","1138","913","37","0","127","150","0","23","457","0","0","116","1479","238",
"20180997616","9/5/2018","1606","1157","102","0","0","0","0","0","101","0","0","0","0","1504","242",


"Revenue Report for Truck: 13904",
"Pro No","Fiscal Date","Total $","Miles","Accessorial $","Canada $","Detention","Dead Head $","Layover $","Hand Load & Unload $","Tolls $","Bonus $","Stop Off $","Empty Move $","Other $","Linehaul $","FSC $",
"20180150003","1/2/2018","80","76","0","0","0","0","0","0","0","0","0","0","0","80","11",
"20180150993","1/4/2018","166","224","2","0","0","2","0","0","0","0","0","0","0","163","33",
"20180151645","1/4/2018","309","422","1","0","0","1","0","0","0","0","0","0","0","308","63",
"20180152557","1/8/2018","303","297","86","0","0","8","0","0","3","75","0","0","0","216","44",
"20180155873","1/11/2018","87","58","7","0","0","7","0","0","0","0","0","0","0","80","8",
"20180156308","1/15/2018","364","476","16","0","0","16","0","0","0","0","0","0","0","347","71",
"20180157873","1/16/2018","548","736","11","0","0","11","0","0","0","0","0","0","0","537","117",
"20180158712","1/17/2018","100","123","10","0","0","10","0","0","0","0","0","0","0","89","19",
"20180159948","1/18/2018","336","447","10","0","0","6","0","0","3","0","0","0","0","326","71",
"20180160177","1/22/2018","86","149","6","0","0","6","0","0","0","0","0","0","0","80","23",
"20180160766","1/20/2018","50","0","0","0","0","0","0","0","0","0","0","0","0","50","0",
"20180516682","5/15/2018","276","358","14","0","0","11","0","0","3","0","0","0","0","261","64",
"20180525901","5/8/2018","184","246","4","0","0","4","0","0","0","0","0","0","0","179","41",
"20180525920","5/9/2018","346","452","16","0","0","16","0","0","0","0","0","0","0","329","76",
"20180527725","5/11/2018","214","270","17","0","0","17","0","0","0","0","0","0","0","197","45",
"20180528302","5/12/2018","394","314","165","0","0","12","150","0","3","0","0","0","0","229","53",
"20180530751","5/17/2018","229","285","21","0","7","13","0","0","0","0","0","0","0","208","51",
"20180532928","5/21/2018","155","177","25","0","0","9","0","0","0","0","0","16","0","129","31",
"20180533641","5/23/2018","52","0","2","0","0","2","0","0","0","0","0","0","0","50","0",
"20180535396","5/24/2018","83","8","3","0","0","3","0","0","0","0","0","0","0","80","1",
"20180535426","5/25/2018","463","532","75","0","0","0","75","0","0","0","0","0","0","388","95",
"20180538783","5/31/2018","197","270","0","0","0","0","0","0","0","0","0","0","0","197","48",
"20180539384","5/31/2018","180","237","7","0","0","7","0","0","0","0","0","0","0","173","42",